station_tU0_over_M,time_s,tstep,cfl,kinetic_energy_cm2_s^-2,dissipation_cm2_s^-3,isotropic_u_rms_cm_s,kolmogorov_length_cm,taylor_microscale_cm,reynolds_lambda,kmax_eta,relative_spectral_divergence,parseval_relative_error
42.0,0.0,0,0.43124394538673844,789.7262720297886,4348.344732228609,22.945243109481154,0.02959426815385832,0.5209172114476404,79.99752951253733,1.1364198971081594,4.3537675167903454e-17,1.4395726943389283e-16
,0.009999999999999995,100,0.40657440456408855,753.327165100582,3317.4179127680522,22.41022333817882,0.03166566041829838,0.5824841592734875,87.36661484432797,1.2159613600626578,4.2555628203032517e-16,3.0182593430421946e-16
,0.019999999999999934,200,0.3892592489603991,721.3602017100875,3090.2330927337302,21.929587345412095,0.03223226215767424,0.5905720199663125,86.67992591548465,1.2377188668546908,5.649242844284758e-16,3.1520130290555284e-16
,0.029999999999999874,300,0.3849773879352831,691.4707819160383,2888.081230605798,21.470456941512886,0.032782060345360575,0.5981011155445551,85.94707567539106,1.258831117261846,6.627493027845498e-16,1.6441307528077224e-16
,0.04000000000000012,400,0.3676331475690586,663.5644247601124,2696.084410891166,21.032743120511128,0.03335072083623177,0.6064111837783371,85.36470122631972,1.2806676801113,7.41856995264393e-16,3.4265501126801767e-16
,0.050000000000000405,500,0.35499898168693533,637.4776860464051,2525.238587248473,20.615167329685605,0.033901037712346475,0.6141489064630556,84.73752048242068,1.3017998481541047,8.085368964199569e-16,1.7833853672070366e-16
,0.06000000000000069,600,0.343984593094077,612.9832896193675,2376.9763447970695,20.215230060845503,0.034417742536036224,0.6207322154922765,83.98431386615349,1.321641313383791,8.673800045268416e-16,1.8546482366951632e-16
,0.07000000000000098,700,0.34261084828883676,589.8818968743939,2245.7723884598954,19.83064794494276,0.03490978402180505,0.6264581486970057,83.14653818262428,1.3405357064373138,9.197976210590072e-16,0.0
,0.08000000000000126,800,0.3391309939483314,568.023291228461,2127.991720757908,19.459758327181436,0.035383118991425946,0.6315249346645045,82.25137177351385,1.3587117692707562,9.670132379547412e-16,2.0014467624337392e-16
,0.09000000000000155,900,0.33467688852147814,547.284310697946,2021.5898649111145,19.10120957248425,0.03583977986926915,0.6359930516102037,81.30709512309251,1.3762475469799353,1.0088948366537181e-15,2.0772902767234895e-16
,0.10000000000000184,1000,0.332651248809683,527.5582994101744,1925.0777938315298,18.753813823863034,0.03628077247815756,0.639887291970885,80.31715016217468,1.3931816631612501,1.0488812482727314e-15,0.0
,0.11000000000000212,1100,0.33259029229663756,508.7569621872651,1836.3109727437056,18.416604142046474,0.03671149233630145,0.643390235804812,79.30475424743217,1.4097213057139757,1.0852545974634183e-15,1.1173000683160162e-16
,0.12000000000000241,1200,0.3319152747840129,490.8126857256743,1753.4183521329603,18.088904255107593,0.0371378886273892,0.646706927768589,78.29517120387929,1.426094923291745,1.1225449789838408e-15,1.1581489336764825e-16
,0.130000000000002,1300,0.3207364821309996,473.6734037382147,1675.0322579377028,17.770263620971125,0.03756494892123958,0.6500104072887015,77.30888070717151,1.4424940385755998,1.1576323169843607e-15,1.2000551099597668e-16
,0.1400000000000009,1400,0.3164484809420909,457.30092313222747,1600.077985826093,17.4604490803688,0.03799734997016876,0.6534657976664973,76.36484522071407,1.4590982388544802,1.1895826505160965e-15,4.972079957456972e-16
,0.1499999999999998,1500,0.3341981823647733,441.65905920940975,1528.9231765798252,17.159235787361663,0.03843192873579355,0.656966367616341,75.44948571142535,1.4757860634544722,1.2214685613031798e-15,1.2870429729792112e-16
,0.1599999999999987,1600,0.32096132070743455,426.70999626325465,1461.478127315424,16.86633720883612,0.0388678498572679,0.6604845241097265,74.55875196160987,1.4925254345190873,1.2537389014836455e-15,0.0
,0.1699999999999976,1700,0.30336598400738957,412.4191098942447,1397.1969615731164,16.58149791975471,0.03930738824034742,0.6640992223002442,73.70075505606209,1.509403708429341,1.285482245962428e-15,5.513170219040939e-16
,0.1799999999999965,1800,0.29249866376219524,398.7554610458076,1336.0817828226084,16.30450778252868,0.039749377873039726,0.6677735274037149,72.87055805781436,1.5263761103247255,1.3158234544558535e-15,1.4255207618154234e-16
,0.1899999999999954,1900,0.2878297703189726,385.68736501200897,1277.9732786560521,16.035114904733486,0.04019371540573694,0.6715049476621109,72.0670090207098,1.5434386715802986,1.3445354121390527e-15,0.0
,0.1999999999999943,2000,0.2808549617098998,373.1886576890271,1222.0965279885656,15.773155627817516,0.04064547646012578,0.6754665707306771,71.30790110468267,1.56078629606883,1.37419663298566e-15,1.52318184622253e-16
,0.2099999999999932,2100,0.2722064390737287,361.23819863795285,1168.4004666826652,15.518552308725038,0.04110462268353322,0.6796625971573027,70.59269788448101,1.5784175110476757,1.4027486708439607e-15,4.720714952776522e-16
,0.2199999999999921,2200,0.27058563535085817,349.812361204955,1117.16767818584,15.271157153382429,0.041567988177400914,0.6839916381534991,69.90978132413652,1.596210746012195,1.432507675152643e-15,1.6249688451547736e-16
,0.229999999999991,2300,0.26517777931774517,338.88698549337164,1068.315319796405,15.030790298436775,0.04203525945451054,0.6884463707162474,69.25755177529459,1.6141539630532047,1.4612114476403238e-15,1.677356207056816e-16
,0.2399999999999899,2400,0.2659190792396236,328.4376903219943,1021.9646027319433,14.79724502110656,0.04250398337439867,0.692948510359671,68.62731937466474,1.6321529615769088,1.488710899192389e-15,3.4614431008255957e-16
,0.2499999999999888,2500,0.26747009278825506,318.43950872724366,978.0489365584721,14.570278165435361,0.042973274756109806,0.6974700729567426,68.01561439991575,1.6501737506346166,1.5173210076811374e-15,1.785061755936092e-16
,0.2599999999999877,2600,0.2620597751876013,308.8701182429596,936.1236012724196,14.3496833470977,0.04344655020266552,0.7021238853950987,67.43281190531926,1.6683475277823558,1.5441202056025658e-15,1.840366403333797e-16
,0.2699999999999866,2700,0.27187686591551036,299.7115171434307,895.8549291523591,14.135334382165158,0.04392676033097153,0.7070095333203741,66.88774598529703,1.6867875967093067,1.5713594319271228e-15,1.89660442156465e-16
,0.2799999999999855,2800,0.26284626747052353,290.9478739439872,857.1405791845469,13.927140743741749,0.04441458232809248,0.7121540747288808,66.38212224788627,1.705519961398751,1.6030150059403515e-15,1.9537320582638603e-16
98.0,0.28448,2845,0.2559829633615392,287.14566768216,840.33006482797,13.835839154942501,0.04463505980366496,0.7145268957554053,66.16667182141207,1.7139862964607344,1.6159694198121941e-15,3.959204352247283e-16
,0.2899799999999994,2900,0.24901305236618046,282.5795241794267,820.1777609749146,13.725390684893132,0.04490674728662617,0.7174782624887239,65.90959875188689,1.724419095806445,1.631802271827435e-15,2.011590154165406e-16
,0.2999799999999983,3000,0.24499502731747103,274.5553846194796,784.9441909743169,13.529113905930908,0.0454024095067138,0.722916255682814,65.4594796255479,1.74345252505781,1.662014631259929e-15,2.0703807699707017e-16
,0.3099799999999972,3100,0.23640987302315813,266.8752061571902,751.3448573989415,13.338545801727918,0.04590169964671228,0.7284954647969625,65.03550870089408,1.7626252664337514,1.6884053997466703e-15,2.1299625274041795e-16
,0.3199799999999961,3200,0.23858776156912043,259.5235529032629,719.2338141271572,13.153543322447705,0.046405672648874456,0.7342530142997075,64.6403504586194,1.781977829716779,1.7165027411752251e-15,0.0
,0.329979999999995,3300,0.2365695347547162,252.48541636898537,688.6582724639561,12.973958952943272,0.046912400277435554,0.7401311151042845,64.2682370164193,1.8014361706535251,1.7448337509843189e-15,1.1256772703603667e-16
,0.3399799999999939,3400,0.2300638080337181,245.74507317130778,659.6702549989959,12.799611274600172,0.047419489144342464,0.7460558781208394,63.9121373599657,1.8209083831427506,1.7721800348139268e-15,4.626210253353299e-16
,0.3499799999999928,3500,0.22295984769554067,239.2869073035046,632.2136375462474,12.6303050188427,0.047926159799105805,0.752003628353073,63.56952693834156,1.8403645362856629,1.801890605678573e-15,2.3755340190305294e-16
,0.3599799999999917,3600,0.21692510787901606,233.09594213436594,606.2131054588558,12.46584512803861,0.04843198467501623,0.7579614077354707,63.238859004578174,1.859788211520623,1.831245196042097e-15,2.4386275599787644e-16
,0.3699799999999906,3700,0.2075772691612686,227.1582205503941,581.5394538592519,12.306047850559608,0.04893772772830898,0.7639536927016916,62.921756640148956,1.879208744767065,1.8590727171503145e-15,5.004742397002314e-16
,0.3799799999999895,3800,0.2083423869821601,221.46112653201394,558.0766006101271,12.150751047624283,0.049444175930843444,0.7700062375247202,62.619928997548165,1.898656355744388,1.887222613891222e-15,0.0
,0.3899799999999884,3900,0.21471151919068882,215.99288129424707,535.7542972404289,11.99980225654426,0.04995134431208403,0.776120732655354,62.33307890715139,1.9181316215840265,1.9146015970527747e-15,0.0
,0.3999799999999873,4000,0.21846470976667207,210.7424727038564,514.5085572546687,11.853057909357018,0.050459209886949644,0.7822978419403744,62.06085338150897,1.9376336596588661,1.9432190701429726e-15,0.0
,0.4099799999999862,4100,0.21528012346277983,205.69894671141515,494.3893933749614,11.71036426166767,0.0509649157037812,0.7884494583283275,61.79587248108967,1.957052763025198,1.9697754287753852e-15,0.0
,0.4199799999999851,4200,0.20864251781590243,200.85089043007073,475.4036068206733,11.571542404539127,0.05146630369086467,0.7945075749056735,61.53249117863201,1.9763060617292032,1.9984475459687177e-15,1.4150651445729815e-16
,0.429979999999984,4300,0.20193290354602392,196.18748138496125,457.4357209991329,11.436417894456325,0.05196441919555403,0.8005030773204966,61.272870553780784,1.9954336971092745,2.022917832376787e-15,0.0
,0.4399799999999829,4400,0.20140699052525174,191.6992047593174,440.36245592680496,11.304842760496271,0.05246093481695028,0.8064870732027245,61.02069384480472,2.0144998969708907,2.0500312512969616e-15,1.482620100906944e-16
,0.4499799999999818,4500,0.19920570093486745,187.37746067405746,424.11928545320905,11.176685873551172,0.052956172865459256,0.812469490763149,60.776447544001826,2.033517038033635,2.07573938567189e-15,1.5168158074168527e-16
,0.4599799999999807,4600,0.19370452333313515,183.21427273456578,408.6421692697552,11.051825572714696,0.053450626646480794,0.8184656524151265,60.54101325659524,2.0525040632248626,2.0997754654351708e-15,1.5512824959647308e-16
,0.4699799999999796,4700,0.1895457138471512,179.20214024800129,393.9090035750267,10.930146087709328,0.053943561894124074,0.8244532606344823,60.3124834176355,2.0714327767343645,2.127110770813819e-15,3.1720279000095274e-16
,0.4799799999999785,4800,0.187372346881091,175.3336171383787,379.9163711516911,10.811525243565427,0.054433541936343185,0.8303878568398373,60.08736523423606,2.090248010355578,2.1569832513861824e-15,0.0
,0.4899799999999774,4900,0.18846424458345773,171.60149804081874,366.61813801191624,10.695840251886672,0.05492057930978118,0.8362689293277381,59.86542554606238,2.1089502454955973,2.186981897218767e-15,4.968786943277739e-16
,0.4999799999999763,5000,0.1876836117994257,167.99912961353238,353.95740948484945,10.582977829625975,0.05540524050797693,0.842113073145104,59.647672328054384,2.127561235506314,2.214814772464316e-15,5.075331550071546e-16
,0.5099799999999752,5100,0.18502160489680644,164.52039674604737,341.8828848037131,10.472834597059428,0.055888088558403964,0.8479370107470605,59.43510592863876,2.146102600642712,2.238561048811355e-15,1.7275492882670092e-16
,0.5199799999999741,5200,0.1832736068713517,161.15967435406526,330.3476796013649,10.365316343590782,0.05636970749805957,0.8537583375310812,59.22877135483969,2.1645967679254876,2.265400345581763e-15,0.0
,0.529979999999973,5300,0.18416039175753154,157.91178957878412,319.3089409475923,10.260337537618149,0.056850701320442225,0.8595955045917001,59.029756058980546,2.1830669307049813,2.2913062242616235e-15,5.399541637685776e-16
,0.5399799999999719,5400,0.1833011314942989,154.77195481098641,308.732327860208,10.157819805810904,0.05733146896485297,0.8654609514104231,58.83871601877034,2.201528408250354,2.3176916943096955e-15,0.0
,0.5499799999999708,5500,0.1739229807732772,151.7357124807001,298.5853429317039,10.057690672008166,0.0578124634021332,0.8713689074527091,58.6564180512622,2.2199985946419147,2.3442998548184428e-15,1.8731061373583412e-16
,0.5599799999999697,5600,0.17055169765307027,148.79888380252916,288.8483663526132,9.959882322013287,0.05829363233946598,0.8773184779709583,58.48260220150211,2.2384754818354935,2.3704449333436096e-15,0.0
,0.5699799999999686,5700,0.17047473276889147,145.95738529894027,279.51907853118644,9.864325802234374,0.0587740654757867,0.8832826646347125,58.315273878024776,2.2569241142702094,2.393873867612584e-15,0.0
,0.5799799999999675,5800,0.17309301651881287,143.20715809794308,270.5930451764739,9.770948711970709,0.05925287655178762,0.8892347905559027,58.15249922605102,2.2753104595886446,2.4211063009519605e-15,0.0
,0.5899799999999664,5900,0.17373557210739848,140.5441969820306,262.0655288538246,9.67967619919973,0.059729120739904405,0.8951460657771738,57.99224769727557,2.293598236412329,2.4448137405376613e-15,0.0
,0.5999799999999653,6000,0.17261140749846182,137.96451283468198,253.93827162792778,9.59042970308359,0.060201395229366024,0.9009734925353601,57.83161025847848,2.3117335768076552,2.4695300850827425e-15,2.060073916577428e-16
,0.6099799999999642,6100,0.1701285165180016,135.4641111581089,246.20602116934785,9.503126192929317,0.06066859382475488,0.9066824064270249,57.66826556226077,2.3296740028705876,2.4909997802288254e-15,0.0
,0.6199799999999631,6200,0.16773958429172126,133.03917780730004,238.83790346877112,9.417684705110206,0.06113118069184221,0.9122850303687938,57.50292016239693,2.3474373385667406,2.5139743337588154e-15,0.0
,0.629979999999962,6300,0.1641966503594757,130.68627365700956,231.7939552287028,9.33403355672168,0.06159040641864791,0.9178174954253454,57.33778272487762,2.3650716064760795,2.536401811109096e-15,2.1748044867357476e-16
,0.6399799999999609,6400,0.16012433657392025,128.40232487245356,225.04254005740083,9.252110565431492,0.06204723618381561,0.9233078557908072,57.1745229334789,2.382613869458519,2.5588764272472018e-15,0.0
,0.6499799999999598,6500,0.15502122286256348,126.1845205991242,218.5618003715873,9.171859884055658,0.06250216075779402,0.9287702780780394,57.0139230453237,2.4000829730992903,2.5807237398649683e-15,4.504785419868891e-16
171.0,0.65532,6554,0.15319496732113871,125.02639424243675,215.20504436459711,9.129673022346301,0.06274447426550726,0.9316805461221062,56.9295113013345,2.409387811795479,2.5930371208143657e-15,1.1366283736573217e-16
