k1_cm^-1,E11_cm3_s^-2
0.000000000000000000e+00,1.693161522135293353e+02
2.000000000000000111e-01,1.968411857799721361e+02
4.000000000000000222e-01,1.326821121398190542e+02
6.000000000000000888e-01,8.241059040195440843e+01
8.000000000000000444e-01,5.583330949431453405e+01
1.000000000000000000e+00,4.153203131539905968e+01
1.200000000000000178e+00,3.257626754423225890e+01
1.400000000000000133e+00,2.586719786263756049e+01
1.600000000000000089e+00,2.038352050075081578e+01
1.800000000000000044e+00,1.803359935812934012e+01
2.000000000000000000e+00,1.432632395097581579e+01
2.200000000000000178e+00,1.185492154058317382e+01
2.400000000000000355e+00,1.037625491155644752e+01
2.600000000000000089e+00,8.703779776014926028e+00
2.800000000000000266e+00,7.321961877797648732e+00
3.000000000000000000e+00,6.422238391296215099e+00
3.200000000000000178e+00,5.500303492324804644e+00
3.400000000000000355e+00,4.633333468798218391e+00
3.600000000000000089e+00,3.990346692662690486e+00
3.800000000000000266e+00,3.537960593624901673e+00
4.000000000000000000e+00,2.953581939195371042e+00
4.200000000000000178e+00,2.624059254636223137e+00
4.400000000000000355e+00,2.288970116290077961e+00
4.600000000000000533e+00,2.051258481722157079e+00
4.800000000000000711e+00,1.792870859077527745e+00
5.000000000000000000e+00,1.560715531645801679e+00
5.200000000000000178e+00,1.375153580328943859e+00
5.400000000000000355e+00,1.237245146017022623e+00
5.600000000000000533e+00,1.046652028123087774e+00
5.800000000000000711e+00,9.480583215253718388e-01
6.000000000000000000e+00,8.393180612058666057e-01
6.200000000000000178e+00,7.569269302906291852e-01
6.400000000000000355e+00,6.656986708042391676e-01
6.600000000000000533e+00,5.817051023539909771e-01
6.800000000000000711e+00,5.283229723063611605e-01
7.000000000000000000e+00,4.669389450987149193e-01
7.200000000000000178e+00,4.202651838156912234e-01
7.400000000000000355e+00,3.854732643557265415e-01
7.600000000000000533e+00,3.382117204087214946e-01
7.800000000000000711e+00,3.016939967855679638e-01
8.000000000000000000e+00,2.744370690445703254e-01
8.200000000000001066e+00,2.496483388792404001e-01
8.400000000000000355e+00,2.240167596838015529e-01
8.599999999999999645e+00,2.027082212572250963e-01
8.800000000000000711e+00,1.809931782499575870e-01
9.000000000000000000e+00,1.655898724766433627e-01
9.200000000000001066e+00,1.478768033572205320e-01
9.400000000000000355e+00,1.362722583105168694e-01
9.600000000000001421e+00,1.237103845877493280e-01
9.800000000000000711e+00,1.097767744018422753e-01
1.000000000000000000e+01,9.986382243439867468e-02
1.020000000000000107e+01,9.184175909980815677e-02
1.040000000000000036e+01,8.211333648583761524e-02
1.060000000000000142e+01,7.566699517751154791e-02
1.080000000000000071e+01,6.822742383743835015e-02
1.100000000000000000e+01,6.296985752979852857e-02
1.120000000000000107e+01,5.681135619728440445e-02
1.140000000000000036e+01,5.224824324088456901e-02
1.160000000000000142e+01,4.835799390672822218e-02
1.180000000000000071e+01,4.359360865477503177e-02
1.200000000000000000e+01,3.987546776627524936e-02
1.220000000000000107e+01,3.680805236302193972e-02
1.240000000000000036e+01,3.347958669341307564e-02
1.260000000000000142e+01,3.078965960127751436e-02
1.280000000000000071e+01,2.830539868652879459e-02
1.300000000000000000e+01,2.591267492286061097e-02
1.320000000000000107e+01,2.373402784562046383e-02
1.340000000000000036e+01,2.182498459942294744e-02
1.360000000000000142e+01,2.000595131105140437e-02
1.380000000000000071e+01,1.846501551896444909e-02
1.400000000000000000e+01,1.715553575965714575e-02
1.420000000000000107e+01,1.560774970652943454e-02
1.440000000000000036e+01,1.409980753323592656e-02
1.460000000000000142e+01,1.310610772446063090e-02
1.480000000000000071e+01,1.218365419051124950e-02
1.500000000000000000e+01,1.119415971775114885e-02
1.520000000000000107e+01,1.024049056853520122e-02
1.540000000000000036e+01,9.477824006767308213e-03
1.560000000000000142e+01,8.795226967188355185e-03
1.580000000000000071e+01,8.036241245000094388e-03
1.600000000000000000e+01,7.451445064320717272e-03
1.619999999999999929e+01,6.946133726030609933e-03
1.640000000000000213e+01,6.381923655591639419e-03
1.660000000000000142e+01,5.865173132098232094e-03
1.680000000000000071e+01,5.459179180850794177e-03
1.700000000000000000e+01,5.022174091127304396e-03
1.719999999999999929e+01,4.633071808580202684e-03
1.740000000000000213e+01,4.344861495930662197e-03
1.760000000000000142e+01,4.050743041555016251e-03
1.780000000000000071e+01,3.736724189301703948e-03
1.800000000000000000e+01,3.461336520931232799e-03
1.819999999999999929e+01,3.196992027925886059e-03
1.840000000000000213e+01,2.964129835540390157e-03
1.860000000000000142e+01,2.760051281373173369e-03
1.880000000000000071e+01,2.554755327651417850e-03
1.900000000000000000e+01,2.373247785678671198e-03
1.920000000000000284e+01,2.205081504129581191e-03
1.940000000000000213e+01,2.034916793652304361e-03
1.960000000000000142e+01,1.904449457153461036e-03
1.980000000000000071e+01,1.769153230777823372e-03
2.000000000000000000e+01,1.647284662408032450e-03
2.020000000000000284e+01,1.515081904711338334e-03
2.040000000000000213e+01,1.419058569111908809e-03
2.060000000000000142e+01,1.321492675166940651e-03
2.080000000000000071e+01,1.240441776836153894e-03
2.100000000000000000e+01,1.144690411777916092e-03
2.120000000000000284e+01,1.074464331032055735e-03
2.140000000000000213e+01,1.000574451832845395e-03
2.160000000000000142e+01,9.225379387546412627e-04
2.180000000000000071e+01,8.705055953412746926e-04
2.200000000000000000e+01,8.068917029709280061e-04
2.220000000000000284e+01,7.497034816063562505e-04
2.240000000000000213e+01,6.954679360663619699e-04
2.260000000000000142e+01,6.522999769332605896e-04
2.280000000000000071e+01,6.137128894339233037e-04
2.300000000000000000e+01,5.702252976252465471e-04
2.320000000000000284e+01,5.331760226160375208e-04
2.340000000000000213e+01,4.953490903420954211e-04
2.360000000000000142e+01,4.638247240209041533e-04
2.380000000000000071e+01,4.319611484235163904e-04
2.400000000000000000e+01,4.001482569288213357e-04
2.420000000000000284e+01,3.749665511785099116e-04
2.440000000000000213e+01,3.491860979232622457e-04
2.460000000000000142e+01,3.271730374218525562e-04
2.480000000000000071e+01,3.060654606681623125e-04
2.500000000000000000e+01,2.885170054582061687e-04
2.520000000000000284e+01,2.682912911811019996e-04
2.540000000000000213e+01,2.512319449083519557e-04
2.560000000000000142e+01,2.367155304544109188e-04
2.580000000000000071e+01,2.194825080087376258e-04
2.600000000000000000e+01,2.060109353306524625e-04
2.620000000000000284e+01,1.928315199369902964e-04
2.640000000000000213e+01,1.805447992086964672e-04
2.660000000000000142e+01,1.691211223373202557e-04
2.680000000000000071e+01,1.579617555602649891e-04
2.700000000000000000e+01,1.484696906570663188e-04
2.720000000000000284e+01,1.389151188763584443e-04
2.740000000000000213e+01,1.300434053666764118e-04
2.760000000000000142e+01,1.218312517709008326e-04
2.780000000000000071e+01,1.143308515338664210e-04
2.800000000000000000e+01,1.073281586245817176e-04
2.820000000000000284e+01,9.995803771123821960e-05
2.840000000000000213e+01,9.439568602793075886e-05
2.860000000000000142e+01,8.852554659503018006e-05
2.880000000000000071e+01,8.303958098676954692e-05
2.900000000000000000e+01,7.742414779040978896e-05
2.920000000000000284e+01,7.320017174921226815e-05
2.940000000000000213e+01,6.793795611545664736e-05
2.960000000000000142e+01,6.448363077638415424e-05
2.980000000000000071e+01,6.049759826274864053e-05
3.000000000000000000e+01,5.661922201010337016e-05
3.020000000000000284e+01,5.330869357538985467e-05
3.040000000000000213e+01,4.981279176195462080e-05
3.060000000000000142e+01,4.704343395197877885e-05
3.080000000000000071e+01,4.421351777777809619e-05
3.100000000000000000e+01,4.139820720823848827e-05
3.120000000000000284e+01,3.883984833360031285e-05
3.140000000000000213e+01,3.688945008171304107e-05
3.160000000000000142e+01,3.486063765692932879e-05
3.180000000000000071e+01,3.271596314571978263e-05
3.200000000000000000e+01,3.069100841481553770e-05
3.220000000000000284e+01,2.878659846772275825e-05
3.239999999999999858e+01,2.726633960218263430e-05
3.260000000000000142e+01,2.580207306527353559e-05
3.280000000000000426e+01,2.421596089775670263e-05
3.300000000000000000e+01,2.318161172776997156e-05
3.320000000000000284e+01,2.199187056670881966e-05
3.339999999999999858e+01,2.071161210431948294e-05
3.360000000000000142e+01,1.972741168571500776e-05
3.380000000000000426e+01,1.866159296688107804e-05
3.400000000000000000e+01,1.774716425775137364e-05
3.420000000000000284e+01,1.701653216102758673e-05
3.439999999999999858e+01,1.622763988142622910e-05
3.460000000000000142e+01,1.543937945723906007e-05
3.480000000000000426e+01,1.478257022091465551e-05
3.500000000000000000e+01,1.424337996397765742e-05
3.520000000000000284e+01,1.372382128361313414e-05
3.539999999999999858e+01,1.337440776315174480e-05
3.560000000000000142e+01,1.299233955794554153e-05
3.580000000000000426e+01,1.267081198716672769e-05
3.600000000000000000e+01,1.244368108375811319e-05
3.620000000000000284e+01,1.220775050814269865e-05
3.639999999999999858e+01,1.202474688386573900e-05
3.660000000000000142e+01,1.194774503435349021e-05
3.680000000000000426e+01,1.212000525943063634e-05
3.700000000000000000e+01,1.206462835134073648e-05
3.720000000000000284e+01,1.231500076083017704e-05
3.739999999999999858e+01,1.279634350312349543e-05
3.760000000000000142e+01,1.327016020580060281e-05
3.780000000000000426e+01,1.412866668147977268e-05
3.800000000000000000e+01,1.472995177703095681e-05
3.820000000000000284e+01,1.593077985152603951e-05
3.840000000000000568e+01,0.000000000000000000e+00
