k_cm^-1,E_cm3_s^-2,shell_mode_multiplicity
0.000000000000000000e+00,0.000000000000000000e+00,1.000000000000000000e+00
2.000000000000000111e-01,2.247775894462782844e+02,1.800000000000000000e+01
4.000000000000000222e-01,4.436295771908112329e+02,6.200000000000000000e+01
6.000000000000000888e-01,3.625291901773493919e+02,9.800000000000000000e+01
8.000000000000000444e-01,3.230816384758370532e+02,2.100000000000000000e+02
1.000000000000000000e+00,3.245835675555362627e+02,3.500000000000000000e+02
1.200000000000000178e+00,2.107434237064844353e+02,4.500000000000000000e+02
1.400000000000000133e+00,1.794297326703843396e+02,6.020000000000000000e+02
1.600000000000000089e+00,1.489396412076776244e+02,7.620000000000000000e+02
1.800000000000000044e+00,1.491270739905325229e+02,1.142000000000000000e+03
2.000000000000000000e+00,1.150739786766824864e+02,1.250000000000000000e+03
2.200000000000000178e+00,1.021789019061685764e+02,1.458000000000000000e+03
2.400000000000000355e+00,9.219743399457061628e+01,1.814000000000000000e+03
2.600000000000000089e+00,8.744073957663185581e+01,2.178000000000000000e+03
2.800000000000000266e+00,7.917648942965935532e+01,2.498000000000000000e+03
3.000000000000000000e+00,6.468334871086857163e+01,2.622000000000000000e+03
3.200000000000000178e+00,6.717180856514755760e+01,3.338000000000000000e+03
3.400000000000000355e+00,6.056369971545645825e+01,3.722000000000000000e+03
3.600000000000000089e+00,5.625243051254565074e+01,4.170000000000000000e+03
3.800000000000000266e+00,4.923164050579847384e+01,4.358000000000000000e+03
4.000000000000000000e+00,4.696081996827495431e+01,5.034000000000000000e+03
4.200000000000000178e+00,4.419210469501562955e+01,5.714000000000000000e+03
4.400000000000000355e+00,4.087837032749416721e+01,5.982000000000000000e+03
4.600000000000000533e+00,3.854912067295876454e+01,6.602000000000000000e+03
4.800000000000000711e+00,3.559002657694730232e+01,7.130000000000000000e+03
5.000000000000000000e+00,3.463317327069805174e+01,8.034000000000000000e+03
5.200000000000000178e+00,3.219795698840284359e+01,8.606000000000000000e+03
5.400000000000000355e+00,2.968953369618654037e+01,9.066000000000000000e+03
5.600000000000000533e+00,2.818944472402660040e+01,9.962000000000000000e+03
5.800000000000000711e+00,2.603499233800176071e+01,1.055000000000000000e+04
6.000000000000000000e+00,2.443465150043040879e+01,1.122600000000000000e+04
6.200000000000000178e+00,2.325628708462503980e+01,1.214600000000000000e+04
6.400000000000000355e+00,2.132404625553528987e+01,1.260600000000000000e+04
6.600000000000000533e+00,2.051296028174370178e+01,1.380200000000000000e+04
6.800000000000000711e+00,1.914946243453875496e+01,1.475400000000000000e+04
7.000000000000000000e+00,1.734691620830924919e+01,1.519400000000000000e+04
7.200000000000000178e+00,1.639356917115182810e+01,1.645400000000000000e+04
7.400000000000000355e+00,1.516914651076592513e+01,1.715400000000000000e+04
7.600000000000000533e+00,1.432635583640619714e+01,1.826600000000000000e+04
7.800000000000000711e+00,1.313808769200289284e+01,1.875000000000000000e+04
8.000000000000000000e+00,1.273848125829791122e+01,2.023400000000000000e+04
8.200000000000001066e+00,1.213573232831848614e+01,2.145000000000000000e+04
8.400000000000000355e+00,1.102188935278216952e+01,2.196200000000000000e+04
8.599999999999999645e+00,1.067909944721134785e+01,2.346200000000000000e+04
8.800000000000000711e+00,9.828057573845084605e+00,2.404200000000000000e+04
9.000000000000000000e+00,9.757060165228967463e+00,2.594600000000000000e+04
9.200000000000001066e+00,8.924245062694819097e+00,2.611800000000000000e+04
9.400000000000000355e+00,8.500544202249253445e+00,2.750600000000000000e+04
9.600000000000001421e+00,8.241948467754431462e+00,2.906600000000000000e+04
9.800000000000000711e+00,7.901673570359973198e+00,3.045000000000000000e+04
1.000000000000000000e+01,7.410233551340135172e+00,3.174200000000000000e+04
1.020000000000000107e+01,6.914249181357450702e+00,3.225000000000000000e+04
1.040000000000000036e+01,6.743296587530328345e+00,3.425000000000000000e+04
1.060000000000000142e+01,6.383323980082990623e+00,3.545400000000000000e+04
1.080000000000000071e+01,6.024413722399875049e+00,3.643400000000000000e+04
1.100000000000000000e+01,5.629328771417215549e+00,3.768200000000000000e+04
1.120000000000000107e+01,5.443422584415720245e+00,3.929400000000000000e+04
1.140000000000000036e+01,5.209442238453121377e+00,4.142600000000000000e+04
1.160000000000000142e+01,4.900266289183847768e+00,4.206600000000000000e+04
1.180000000000000071e+01,4.631375597516553810e+00,4.349000000000000000e+04
1.200000000000000000e+01,4.518524005712324154e+00,4.570200000000000000e+04
1.220000000000000107e+01,4.232177709713889513e+00,4.663400000000000000e+04
1.240000000000000036e+01,4.034690428101693094e+00,4.855400000000000000e+04
1.260000000000000142e+01,3.779040424597640335e+00,4.887000000000000000e+04
1.280000000000000071e+01,3.717112618466371643e+00,5.155400000000000000e+04
1.300000000000000000e+01,3.583418766195036742e+00,5.409000000000000000e+04
1.320000000000000107e+01,3.361610951066443587e+00,5.431400000000000000e+04
1.340000000000000036e+01,3.296078792543102320e+00,5.691000000000000000e+04
1.360000000000000142e+01,3.091532424892094788e+00,5.748200000000000000e+04
1.380000000000000071e+01,3.030786880461996180e+00,6.062600000000000000e+04
1.400000000000000000e+01,2.835266932502993331e+00,6.120600000000000000e+04
1.420000000000000107e+01,2.727502388912505182e+00,6.257000000000000000e+04
1.440000000000000036e+01,2.663332600474960010e+00,6.573000000000000000e+04
1.460000000000000142e+01,2.518782259555989889e+00,6.668600000000000000e+04
1.480000000000000071e+01,2.461313256643986147e+00,6.969800000000000000e+04
1.500000000000000000e+01,2.307721656769219365e+00,7.002600000000000000e+04
1.520000000000000107e+01,2.228958595767160933e+00,7.274600000000000000e+04
1.540000000000000036e+01,2.146483950336407265e+00,7.491000000000000000e+04
1.560000000000000142e+01,2.020445704276440768e+00,7.572200000000000000e+04
1.580000000000000071e+01,1.944289245850324921e+00,7.837800000000000000e+04
1.600000000000000000e+01,1.857328514486300985e+00,8.003000000000000000e+04
1.619999999999999929e+01,1.791199587028570850e+00,8.318600000000000000e+04
1.640000000000000213e+01,1.706653587183438070e+00,8.466600000000000000e+04
1.660000000000000142e+01,1.634671403317220939e+00,8.654600000000000000e+04
1.680000000000000071e+01,1.547206590117882197e+00,8.813400000000000000e+04
1.700000000000000000e+01,1.507326336997361516e+00,9.153800000000000000e+04
1.719999999999999929e+01,1.428616900022867675e+00,9.313800000000000000e+04
1.740000000000000213e+01,1.363880005561173947e+00,9.447800000000000000e+04
1.760000000000000142e+01,1.313967338327143297e+00,9.727400000000000000e+04
1.780000000000000071e+01,1.258107193371915677e+00,9.969000000000000000e+04
1.800000000000000000e+01,1.218555910247830498e+00,1.025900000000000000e+05
1.819999999999999929e+01,1.150670436668252083e+00,1.037700000000000000e+05
1.840000000000000213e+01,1.103598552012090339e+00,1.063460000000000000e+05
1.860000000000000142e+01,1.059836826506705743e+00,1.085460000000000000e+05
1.880000000000000071e+01,1.015493461547204657e+00,1.107260000000000000e+05
1.900000000000000000e+01,9.703368776017595732e-01,1.123220000000000000e+05
1.920000000000000284e+01,9.453432550019502667e-01,1.158900000000000000e+05
1.940000000000000213e+01,9.074934606429663209e-01,1.187660000000000000e+05
1.960000000000000142e+01,8.772579900240008444e-01,1.222980000000000000e+05
1.980000000000000071e+01,8.254505159220870691e-01,1.220900000000000000e+05
2.000000000000000000e+01,8.072096131034278699e-01,1.258100000000000000e+05
2.020000000000000284e+01,7.669720845462103531e-01,1.281900000000000000e+05
2.040000000000000213e+01,7.360793887220251630e-01,1.309940000000000000e+05
2.060000000000000142e+01,7.097979296652431325e-01,1.337220000000000000e+05
2.080000000000000071e+01,6.731368629951378635e-01,1.338860000000000000e+05
2.100000000000000000e+01,6.647592359920132532e-01,1.405380000000000000e+05
2.120000000000000284e+01,6.264963370394832642e-01,1.405940000000000000e+05
2.140000000000000213e+01,6.017941352305542502e-01,1.435940000000000000e+05
2.160000000000000142e+01,5.805346646326525750e-01,1.463100000000000000e+05
2.180000000000000071e+01,5.678555212759300863e-01,1.506500000000000000e+05
2.200000000000000000e+01,5.386345167178252513e-01,1.519140000000000000e+05
2.220000000000000284e+01,5.126074660116116677e-01,1.533980000000000000e+05
2.240000000000000213e+01,4.998821686679696952e-01,1.578660000000000000e+05
2.260000000000000142e+01,4.780640989328949764e-01,1.606580000000000000e+05
2.280000000000000071e+01,4.625502011572208416e-01,1.641020000000000000e+05
2.300000000000000000e+01,4.412347438946888079e-01,1.649940000000000000e+05
2.320000000000000284e+01,4.284065752483277589e-01,1.698500000000000000e+05
2.340000000000000213e+01,4.122706808118670740e-01,1.729860000000000000e+05
2.360000000000000142e+01,3.931285723129366860e-01,1.738940000000000000e+05
2.380000000000000071e+01,3.760890922081312482e-01,1.767780000000000000e+05
2.400000000000000000e+01,3.674054420427236289e-01,1.818020000000000000e+05
2.420000000000000284e+01,3.528312438469231038e-01,1.844300000000000000e+05
2.440000000000000213e+01,3.388826221333547384e-01,1.872420000000000000e+05
2.460000000000000142e+01,3.249640365471834214e-01,1.902500000000000000e+05
2.480000000000000071e+01,3.112499176478120688e-01,1.925700000000000000e+05
2.500000000000000000e+01,3.037803399464947263e-01,1.982540000000000000e+05
2.520000000000000284e+01,2.879037751051778948e-01,1.980740000000000000e+05
2.540000000000000213e+01,2.782715275801795896e-01,2.020500000000000000e+05
2.560000000000000142e+01,2.678386791596074623e-01,2.055020000000000000e+05
2.580000000000000071e+01,2.599842426630420977e-01,2.106660000000000000e+05
2.600000000000000000e+01,2.480811604702606032e-01,2.124260000000000000e+05
2.620000000000000284e+01,2.375868563679029155e-01,2.139180000000000000e+05
2.640000000000000213e+01,2.326081241624559925e-01,2.209940000000000000e+05
2.660000000000000142e+01,2.207245022367430309e-01,2.215220000000000000e+05
2.680000000000000071e+01,2.143715767124969862e-01,2.263140000000000000e+05
2.700000000000000000e+01,2.038537904107454724e-01,2.272940000000000000e+05
2.720000000000000284e+01,1.983976744533510472e-01,2.329620000000000000e+05
2.740000000000000213e+01,1.915044761127070172e-01,2.378180000000000000e+05
2.760000000000000142e+01,1.829235291539834385e-01,2.383980000000000000e+05
2.780000000000000071e+01,1.758022821608232200e-01,2.414180000000000000e+05
2.800000000000000000e+01,1.693332633463128789e-01,2.468180000000000000e+05
2.820000000000000284e+01,1.636356376421428949e-01,2.499060000000000000e+05
2.840000000000000213e+01,1.586844550685584943e-01,2.547020000000000000e+05
2.860000000000000142e+01,1.498596315631550158e-01,2.544180000000000000e+05
2.880000000000000071e+01,1.456936862212513395e-01,2.603540000000000000e+05
2.900000000000000000e+01,1.408227816273079913e-01,2.649740000000000000e+05
2.920000000000000284e+01,1.356059765486941626e-01,2.687220000000000000e+05
2.940000000000000213e+01,1.302269154265435491e-01,2.715620000000000000e+05
2.960000000000000142e+01,1.256071869460811952e-01,2.755860000000000000e+05
2.980000000000000071e+01,1.214471685433673454e-01,2.801900000000000000e+05
3.000000000000000000e+01,1.168890209496784849e-01,2.828340000000000000e+05
3.020000000000000284e+01,1.114940152761978859e-01,2.851700000000000000e+05
3.040000000000000213e+01,1.073803804241411225e-01,2.898860000000000000e+05
3.060000000000000142e+01,1.040176541474658739e-01,2.944740000000000000e+05
3.080000000000000071e+01,1.006500997645839723e-01,2.994980000000000000e+05
3.100000000000000000e+01,9.591560471597296300e-02,2.999580000000000000e+05
3.120000000000000284e+01,9.274786319724166728e-02,3.058580000000000000e+05
3.140000000000000213e+01,8.975070809557515739e-02,3.107940000000000000e+05
3.160000000000000142e+01,8.572527939135113351e-02,3.130820000000000000e+05
3.180000000000000071e+01,8.233043926491452613e-02,3.160460000000000000e+05
3.200000000000000000e+01,8.020122325588342760e-02,3.222180000000000000e+05
3.220000000000000284e+01,7.734928839927904254e-02,3.285620000000000000e+05
3.239999999999999858e+01,7.376606452443545958e-02,3.279900000000000000e+05
3.260000000000000142e+01,7.154495562295477840e-02,3.352820000000000000e+05
3.280000000000000426e+01,6.807704123160092380e-02,3.359700000000000000e+05
3.300000000000000000e+01,6.636135716169767884e-02,3.440660000000000000e+05
3.320000000000000284e+01,6.321728738747857401e-02,3.437180000000000000e+05
3.339999999999999858e+01,6.142029752492673966e-02,3.514980000000000000e+05
3.360000000000000142e+01,5.899176274106394252e-02,3.544580000000000000e+05
3.380000000000000426e+01,5.686843594684237724e-02,3.585660000000000000e+05
3.400000000000000000e+01,5.536379025384258884e-02,3.661220000000000000e+05
3.420000000000000284e+01,5.242086743537125587e-02,3.658100000000000000e+05
3.439999999999999858e+01,5.073701691703513816e-02,3.716220000000000000e+05
3.460000000000000142e+01,4.894920224291384597e-02,3.759860000000000000e+05
3.480000000000000426e+01,4.721813998193082063e-02,3.821700000000000000e+05
3.500000000000000000e+01,4.506900704619497960e-02,3.818180000000000000e+05
3.520000000000000284e+01,4.375877843172478604e-02,3.895740000000000000e+05
3.539999999999999858e+01,4.216881117767972559e-02,3.936980000000000000e+05
3.560000000000000142e+01,4.067844067954546478e-02,3.994580000000000000e+05
3.580000000000000426e+01,3.901864414748666687e-02,4.022220000000000000e+05
3.600000000000000000e+01,3.762415428649583393e-02,4.069220000000000000e+05
3.620000000000000284e+01,3.632357686767298532e-02,4.128420000000000000e+05
3.639999999999999858e+01,3.470985207756819430e-02,4.153460000000000000e+05
3.660000000000000142e+01,3.353755773259987222e-02,4.211820000000000000e+05
3.680000000000000426e+01,3.224023052688263641e-02,4.250180000000000000e+05
3.700000000000000000e+01,3.121903552629349057e-02,4.311380000000000000e+05
3.720000000000000284e+01,2.992910605756115769e-02,4.343820000000000000e+05
3.739999999999999858e+01,2.885103354508349732e-02,4.395140000000000000e+05
3.760000000000000142e+01,2.789247651660593449e-02,4.447380000000000000e+05
3.780000000000000426e+01,2.675495926374148181e-02,4.489100000000000000e+05
3.800000000000000000e+01,2.567980473987337142e-02,4.506180000000000000e+05
3.820000000000000284e+01,2.494157016726335913e-02,4.595540000000000000e+05
3.840000000000000568e+01,2.379633958223568990e-02,4.613270000000000000e+05
3.860000000000000142e+01,2.249232223525077234e-02,4.598280000000000000e+05
3.880000000000000426e+01,2.141957332971755265e-02,4.602320000000000000e+05
3.900000000000000000e+01,2.021823622372889359e-02,4.551240000000000000e+05
3.920000000000000284e+01,1.926288342541515944e-02,4.550480000000000000e+05
3.940000000000000568e+01,1.810857810086008782e-02,4.498280000000000000e+05
3.960000000000000142e+01,1.717646107860550456e-02,4.483680000000000000e+05
3.980000000000000426e+01,1.630988282397800859e-02,4.438880000000000000e+05
4.000000000000000000e+01,1.545258774183970278e-02,4.414440000000000000e+05
4.020000000000000284e+01,1.469343841653244359e-02,4.405280000000000000e+05
4.040000000000000568e+01,1.390304613039130416e-02,4.379280000000000000e+05
4.060000000000000142e+01,1.311974902060201315e-02,4.319240000000000000e+05
4.080000000000000426e+01,1.244148430155342031e-02,4.303040000000000000e+05
4.100000000000000000e+01,1.183029220961618645e-02,4.301760000000000000e+05
4.120000000000000284e+01,1.107485472617878927e-02,4.216640000000000000e+05
4.140000000000000568e+01,1.056624335757542707e-02,4.217760000000000000e+05
4.160000000000000142e+01,9.958832077763794463e-03,4.184480000000000000e+05
4.180000000000000426e+01,9.493587017115960938e-03,4.165560000000000000e+05
4.200000000000000000e+01,8.937668939245706559e-03,4.118600000000000000e+05
4.220000000000000284e+01,8.410962813600965371e-03,4.068560000000000000e+05
4.240000000000000568e+01,8.008536921235286099e-03,4.052400000000000000e+05
4.260000000000000142e+01,7.542195616334613356e-03,4.012640000000000000e+05
4.280000000000000426e+01,7.165364143988312180e-03,3.990960000000000000e+05
4.300000000000000000e+01,6.710300038434769895e-03,3.925400000000000000e+05
4.320000000000000284e+01,6.370468735735035186e-03,3.904200000000000000e+05
4.340000000000000568e+01,6.050061978967251688e-03,3.889280000000000000e+05
4.360000000000000142e+01,5.682866705889161318e-03,3.823760000000000000e+05
4.380000000000000426e+01,5.405299988971278696e-03,3.809880000000000000e+05
4.400000000000000000e+01,5.060618443817967854e-03,3.746600000000000000e+05
4.420000000000000284e+01,4.831078831730806558e-03,3.741720000000000000e+05
4.440000000000000568e+01,4.507977081954558408e-03,3.667040000000000000e+05
4.460000000000000142e+01,4.278471501771910317e-03,3.643040000000000000e+05
4.480000000000000426e+01,4.013693562987600584e-03,3.586800000000000000e+05
4.500000000000000000e+01,3.825348205760246631e-03,3.585200000000000000e+05
4.520000000000000284e+01,3.618826783776988524e-03,3.526800000000000000e+05
4.540000000000000568e+01,3.381262040585475415e-03,3.465920000000000000e+05
4.560000000000000142e+01,3.195853859604943017e-03,3.442200000000000000e+05
4.580000000000000426e+01,3.028967875082622281e-03,3.406640000000000000e+05
4.600000000000000000e+01,2.828177747392431225e-03,3.344000000000000000e+05
4.620000000000000284e+01,2.665183846545102903e-03,3.297120000000000000e+05
4.640000000000000568e+01,2.526590782393511522e-03,3.279680000000000000e+05
4.660000000000000142e+01,2.372455100368008919e-03,3.225960000000000000e+05
4.680000000000000426e+01,2.227705034419772984e-03,3.186080000000000000e+05
4.700000000000000000e+01,2.075908958288721386e-03,3.100560000000000000e+05
4.720000000000000284e+01,1.973227253403131085e-03,3.096800000000000000e+05
4.740000000000000568e+01,1.845392857082069332e-03,3.033920000000000000e+05
4.760000000000000142e+01,1.737204920412693549e-03,2.986680000000000000e+05
4.780000000000000426e+01,1.634424557847875955e-03,2.940560000000000000e+05
4.800000000000000000e+01,1.536757116666752788e-03,2.895480000000000000e+05
4.820000000000000284e+01,1.443864707769031966e-03,2.855480000000000000e+05
4.840000000000000568e+01,1.339351354734341420e-03,2.790320000000000000e+05
4.860000000000000142e+01,1.267160599493198387e-03,2.752200000000000000e+05
4.880000000000000426e+01,1.190385207207257830e-03,2.705360000000000000e+05
4.900000000000000000e+01,1.108595555174123233e-03,2.644200000000000000e+05
4.920000000000000284e+01,1.037635969441163273e-03,2.598560000000000000e+05
4.940000000000000568e+01,9.680918281711177551e-04,2.531520000000000000e+05
4.960000000000000142e+01,9.118859812448288542e-04,2.506400000000000000e+05
4.980000000000000426e+01,8.452334948573863270e-04,2.436080000000000000e+05
5.000000000000000000e+01,7.903803239020505038e-04,2.387400000000000000e+05
5.020000000000000284e+01,7.386815621114568116e-04,2.337080000000000000e+05
5.040000000000000568e+01,6.862983051366588951e-04,2.274840000000000000e+05
5.060000000000000142e+01,6.431581301943082533e-04,2.226440000000000000e+05
5.080000000000000426e+01,5.964506720889335483e-04,2.175000000000000000e+05
5.100000000000000000e+01,5.517385932621685259e-04,2.104040000000000000e+05
5.120000000000000284e+01,5.197493529238584459e-04,2.066000000000000000e+05
5.140000000000000568e+01,4.758881088697299575e-04,1.995720000000000000e+05
5.160000000000000142e+01,4.463240639059523661e-04,1.954760000000000000e+05
5.180000000000000426e+01,4.060297730218355872e-04,1.873560000000000000e+05
5.200000000000000000e+01,3.843126917291452525e-04,1.841600000000000000e+05
5.220000000000000284e+01,3.500572466714732588e-04,1.767840000000000000e+05
5.240000000000000568e+01,3.253933005549953811e-04,1.719200000000000000e+05
5.260000000000000142e+01,2.981251616020572526e-04,1.651640000000000000e+05
5.280000000000000426e+01,2.711079253876964618e-04,1.579080000000000000e+05
5.300000000000000000e+01,2.523152445704367913e-04,1.546520000000000000e+05
5.320000000000000284e+01,2.284233241901554928e-04,1.465560000000000000e+05
5.340000000000000568e+01,2.103813725679145252e-04,1.412720000000000000e+05
5.360000000000000142e+01,1.906523710280727166e-04,1.343120000000000000e+05
5.380000000000000426e+01,1.744466206963726665e-04,1.289520000000000000e+05
5.400000000000000000e+01,1.561145236081565378e-04,1.218440000000000000e+05
5.420000000000000284e+01,1.419148263440948865e-04,1.156080000000000000e+05
5.440000000000000568e+01,1.279697699625619912e-04,1.088270000000000000e+05
5.460000000000000142e+01,1.182047539096293953e-04,1.048320000000000000e+05
5.480000000000000426e+01,1.079803310890654720e-04,1.001240000000000000e+05
5.500000000000000000e+01,9.617764143803364020e-05,9.420800000000000000e+04
5.520000000000000284e+01,8.853570320080114220e-05,9.016800000000000000e+04
5.540000000000000568e+01,8.144628239918025878e-05,8.671400000000000000e+04
5.560000000000000142e+01,7.408851747319096515e-05,8.218800000000000000e+04
5.580000000000000426e+01,6.714438288268061801e-05,7.761800000000000000e+04
5.600000000000000000e+01,6.154047984167359425e-05,7.527600000000000000e+04
5.620000000000000284e+01,5.571257026477160015e-05,7.139600000000000000e+04
5.640000000000000568e+01,5.071911620218813067e-05,6.781400000000000000e+04
5.660000000000000142e+01,4.565957637140819262e-05,6.430800000000000000e+04
5.680000000000000426e+01,4.205387043023368064e-05,6.203000000000000000e+04
5.700000000000000000e+01,3.793093325523848097e-05,5.876400000000000000e+04
5.720000000000000284e+01,3.455911057680275880e-05,5.557400000000000000e+04
5.740000000000000568e+01,3.107430623511802113e-05,5.295000000000000000e+04
5.760000000000000142e+01,2.843101552874174398e-05,5.058200000000000000e+04
5.780000000000000426e+01,2.585939601684203467e-05,4.772600000000000000e+04
5.800000000000000000e+01,2.311879936215000409e-05,4.524600000000000000e+04
5.820000000000000284e+01,2.100763728058759858e-05,4.299800000000000000e+04
5.840000000000000568e+01,1.911070418999429523e-05,4.075200000000000000e+04
5.860000000000000142e+01,1.739611133691845542e-05,3.881000000000000000e+04
5.880000000000000426e+01,1.524447842339974670e-05,3.577400000000000000e+04
5.900000000000000000e+01,1.381709824738806594e-05,3.415200000000000000e+04
5.920000000000000284e+01,1.275234312741095595e-05,3.277400000000000000e+04
5.940000000000000568e+01,1.109841788386087609e-05,3.002400000000000000e+04
5.960000000000000142e+01,9.958262646944456386e-06,2.825600000000000000e+04
5.980000000000000426e+01,9.173236679742096015e-06,2.700600000000000000e+04
6.000000000000000000e+01,8.046373542741122175e-06,2.513600000000000000e+04
6.020000000000000284e+01,6.967250461110178611e-06,2.322200000000000000e+04
6.040000000000000568e+01,6.210311630968143953e-06,2.138400000000000000e+04
6.060000000000000142e+01,5.848731150952265070e-06,2.093600000000000000e+04
6.080000000000000426e+01,4.996536894600224211e-06,1.884000000000000000e+04
6.100000000000000000e+01,4.424852100577680779e-06,1.736600000000000000e+04
6.120000000000000284e+01,3.821945910126371050e-06,1.594800000000000000e+04
6.140000000000000568e+01,3.469141709992199525e-06,1.527200000000000000e+04
6.160000000000000142e+01,2.956881643055045305e-06,1.364000000000000000e+04
6.180000000000000426e+01,2.508886667139040294e-06,1.226400000000000000e+04
6.200000000000000000e+01,2.345521093297765958e-06,1.169600000000000000e+04
6.220000000000000284e+01,1.963892522199545433e-06,1.056000000000000000e+04
6.240000000000000568e+01,1.671641493315582104e-06,9.272000000000000000e+03
6.260000000000000142e+01,1.342010820873596636e-06,7.992000000000000000e+03
6.280000000000000426e+01,1.366646724830599290e-06,8.240000000000000000e+03
6.300000000000000000e+01,1.120751660518612558e-06,7.160000000000000000e+03
6.320000000000000284e+01,7.946331154126235632e-07,5.532000000000000000e+03
6.340000000000000568e+01,6.741569812934025284e-07,5.000000000000000000e+03
6.360000000000000142e+01,6.773734010576704885e-07,5.088000000000000000e+03
6.380000000000000426e+01,5.323837266136055131e-07,4.256000000000000000e+03
6.400000000000000000e+01,3.570698201955969964e-07,3.008000000000000000e+03
6.420000000000000284e+01,2.855406779512571439e-07,2.688000000000000000e+03
6.440000000000000568e+01,2.831682290761375633e-07,2.744000000000000000e+03
6.460000000000000853e+01,2.035240313780115044e-07,2.154000000000000000e+03
6.479999999999999716e+01,1.143718998298977264e-07,1.220000000000000000e+03
6.500000000000000000e+01,9.412361109707897023e-08,1.176000000000000000e+03
6.520000000000000284e+01,8.262572237452852055e-08,1.064000000000000000e+03
6.540000000000000568e+01,5.158489550943148005e-08,7.280000000000000000e+02
6.560000000000000853e+01,1.223736802552030745e-08,2.580000000000000000e+02
6.579999999999999716e+01,1.960031242839302462e-08,3.440000000000000000e+02
6.600000000000000000e+01,6.076376500285313806e-09,1.680000000000000000e+02
6.620000000000000284e+01,5.513609223788858391e-10,5.600000000000000000e+01
6.640000000000000568e+01,0.000000000000000000e+00,6.000000000000000000e+00
6.660000000000000853e+01,0.000000000000000000e+00,1.000000000000000000e+00
